Workbook

Sheet Buscador rápido
A1: FLOKI · BUSCADOR RÁPIDO DE PERSONAS
A2: Evento: Floki Night | B2: Fecha: 2026-08-01 | C2: Generado: 01/08/2026 01:09
A3: Escribí un nombre
A4: El buscador muestra coincidencias de todas las listas: promotores, cumpleaños, PROMOS y Lista común.
A6: Nombre | B6: Lista / promotor | C6: Tipo | D6: Estado | E6: Ingreso | F6: Nacimiento | G6: Detalle | H6: #
A7: =IF($H7="","",IFERROR(INDEX(Personas!$A$2:$A$1001,$H7),"")) | B7: =IF($H7="","",IFERROR(INDEX(Personas!$B$2:$B$1001,$H7),"")) | C7: =IF($H7="","",IFERROR(INDEX(Personas!$C$2:$C$1001,$H7),"")) | D7: =IF($H7="","",IFERROR(INDEX(Personas!$D$2:$D$1001,$H7),"")) | E7: =IF($H7="","",IFERROR(INDEX(Personas!$E$2:$E$1001,$H7),"")) | F7: =IF($H7="","",IFERROR(INDEX(Personas!$F$2:$F$1001,$H7),"")) | G7: =IF($H7="","",IFERROR(INDEX(Personas!$G$2:$G$1001,$H7),"")) | H7: =IF($B$3="","",IFERROR(AGGREGATE(15,6,(ROW(Personas!$H$2:$H$1001)-ROW(Personas!$H$2)+1)/(ISNUMBER(SEARCH($B$3,Personas!$H$2:$H$1001))),1),""))
A8: =IF($H8="","",IFERROR(INDEX(Personas!$A$2:$A$1001,$H8),"")) | B8: =IF($H8="","",IFERROR(INDEX(Personas!$B$2:$B$1001,$H8),"")) | C8: =IF($H8="","",IFERROR(INDEX(Personas!$C$2:$C$1001,$H8),"")) | D8: =IF($H8="","",IFERROR(INDEX(Personas!$D$2:$D$1001,$H8),"")) | E8: =IF($H8="","",IFERROR(INDEX(Personas!$E$2:$E$1001,$H8),"")) | F8: =IF($H8="","",IFERROR(INDEX(Personas!$F$2:$F$1001,$H8),"")) | G8: =IF($H8="","",IFERROR(INDEX(Personas!$G$2:$G$1001,$H8),"")) | H8: =IF($B$3="","",IFERROR(AGGREGATE(15,6,(ROW(Personas!$H$2:$H$1001)-ROW(Personas!$H$2)+1)/(ISNUMBER(SEARCH($B$3,Personas!$H$2:$H$1001))),2),""))
A9: =IF($H9="","",IFERROR(INDEX(Personas!$A$2:$A$1001,$H9),"")) | B9: =IF($H9="","",IFERROR(INDEX(Personas!$B$2:$B$1001,$H9),"")) | C9: =IF($H9="","",IFERROR(INDEX(Personas!$C$2:$C$1001,$H9),"")) | D9: =IF($H9="","",IFERROR(INDEX(Personas!$D$2:$D$1001,$H9),"")) | E9: =IF($H9="","",IFERROR(INDEX(Personas!$E$2:$E$1001,$H9),"")) | F9: =IF($H9="","",IFERROR(INDEX(Personas!$F$2:$F$1001,$H9),"")) | G9: =IF($H9="","",IFERROR(INDEX(Personas!$G$2:$G$1001,$H9),"")) | H9: =IF($B$3="","",IFERROR(AGGREGATE(15,6,(ROW(Personas!$H$2:$H$1001)-ROW(Personas!$H$2)+1)/(ISNUMBER(SEARCH($B$3,Personas!$H$2:$H$1001))),3),""))
A10: =IF($H10="","",IFERROR(INDEX(Personas!$A$2:$A$1001,$H10),"")) | B10: =IF($H10="","",IFERROR(INDEX(Personas!$B$2:$B$1001,$H10),"")) | C10: =IF($H10="","",IFERROR(INDEX(Personas!$C$2:$C$1001,$H10),"")) | D10: =IF($H10="","",IFERROR(INDEX(Personas!$D$2:$D$1001,$H10),"")) | E10: =IF($H10="","",IFERROR(INDEX(Personas!$E$2:$E$1001,$H10),"")) | F10: =IF($H10="","",IFERROR(INDEX(Personas!$F$2:$F$1001,$H10),"")) | G10: =IF($H10="","",IFERROR(INDEX(Personas!$G$2:$G$1001,$H10),"")) | H10: =IF($B$3="","",IFERROR(AGGREGATE(15,6,(ROW(Personas!$H$2:$H$1001)-ROW(Personas!$H$2)+1)/(ISNUMBER(SEARCH($B$3,Personas!$H$2:$H$1001))),4),""))
A11: =IF($H11="","",IFERROR(INDEX(Personas!$A$2:$A$1001,$H11),"")) | B11: =IF($H11="","",IFERROR(INDEX(Personas!$B$2:$B$1001,$H11),"")) | C11: =IF($H11="","",IFERROR(INDEX(Personas!$C$2:$C$1001,$H11),"")) | D11: =IF($H11="","",IFERROR(INDEX(Personas!$D$2:$D$1001,$H11),"")) | E11: =IF($H11="","",IFERROR(INDEX(Personas!$E$2:$E$1001,$H11),"")) | F11: =IF($H11="","",IFERROR(INDEX(Personas!$F$2:$F$1001,$H11),"")) | G11: =IF($H11="","",IFERROR(INDEX(Personas!$G$2:$G$1001,$H11),"")) | H11: =IF($B$3="","",IFERROR(AGGREGATE(15,6,(ROW(Personas!$H$2:$H$1001)-ROW(Personas!$H$2)+1)/(ISNUMBER(SEARCH($B$3,Personas!$H$2:$H$1001))),5),""))
A12: =IF($H12="","",IFERROR(INDEX(Personas!$A$2:$A$1001,$H12),"")) | B12: =IF($H12="","",IFERROR(INDEX(Personas!$B$2:$B$1001,$H12),"")) | C12: =IF($H12="","",IFERROR(INDEX(Personas!$C$2:$C$1001,$H12),"")) | D12: =IF($H12="","",IFERROR(INDEX(Personas!$D$2:$D$1001,$H12),"")) | E12: =IF($H12="","",IFERROR(INDEX(Personas!$E$2:$E$1001,$H12),"")) | F12: =IF($H12="","",IFERROR(INDEX(Personas!$F$2:$F$1001,$H12),"")) | G12: =IF($H12="","",IFERROR(INDEX(Personas!$G$2:$G$1001,$H12),"")) | H12: =IF($B$3="","",IFERROR(AGGREGATE(15,6,(ROW(Personas!$H$2:$H$1001)-ROW(Personas!$H$2)+1)/(ISNUMBER(SEARCH($B$3,Personas!$H$2:$H$1001))),6),""))
A13: =IF($H13="","",IFERROR(INDEX(Personas!$A$2:$A$1001,$H13),"")) | B13: =IF($H13="","",IFERROR(INDEX(Personas!$B$2:$B$1001,$H13),"")) | C13: =IF($H13="","",IFERROR(INDEX(Personas!$C$2:$C$1001,$H13),"")) | D13: =IF($H13="","",IFERROR(INDEX(Personas!$D$2:$D$1001,$H13),"")) | E13: =IF($H13="","",IFERROR(INDEX(Personas!$E$2:$E$1001,$H13),"")) | F13: =IF($H13="","",IFERROR(INDEX(Personas!$F$2:$F$1001,$H13),"")) | G13: =IF($H13="","",IFERROR(INDEX(Personas!$G$2:$G$1001,$H13),"")) | H13: =IF($B$3="","",IFERROR(AGGREGATE(15,6,(ROW(Personas!$H$2:$H$1001)-ROW(Personas!$H$2)+1)/(ISNUMBER(SEARCH($B$3,Personas!$H$2:$H$1001))),7),""))
A14: =IF($H14="","",IFERROR(INDEX(Personas!$A$2:$A$1001,$H14),"")) | B14: =IF($H14="","",IFERROR(INDEX(Personas!$B$2:$B$1001,$H14),"")) | C14: =IF($H14="","",IFERROR(INDEX(Personas!$C$2:$C$1001,$H14),"")) | D14: =IF($H14="","",IFERROR(INDEX(Personas!$D$2:$D$1001,$H14),"")) | E14: =IF($H14="","",IFERROR(INDEX(Personas!$E$2:$E$1001,$H14),"")) | F14: =IF($H14="","",IFERROR(INDEX(Personas!$F$2:$F$1001,$H14),"")) | G14: =IF($H14="","",IFERROR(INDEX(Personas!$G$2:$G$1001,$H14),"")) | H14: =IF($B$3="","",IFERROR(AGGREGATE(15,6,(ROW(Personas!$H$2:$H$1001)-ROW(Personas!$H$2)+1)/(ISNUMBER(SEARCH($B$3,Personas!$H$2:$H$1001))),8),""))
A15: =IF($H15="","",IFERROR(INDEX(Personas!$A$2:$A$1001,$H15),"")) | B15: =IF($H15="","",IFERROR(INDEX(Personas!$B$2:$B$1001,$H15),"")) | C15: =IF($H15="","",IFERROR(INDEX(Personas!$C$2:$C$1001,$H15),"")) | D15: =IF($H15="","",IFERROR(INDEX(Personas!$D$2:$D$1001,$H15),"")) | E15: =IF($H15="","",IFERROR(INDEX(Personas!$E$2:$E$1001,$H15),"")) | F15: =IF($H15="","",IFERROR(INDEX(Personas!$F$2:$F$1001,$H15),"")) | G15: =IF($H15="","",IFERROR(INDEX(Personas!$G$2:$G$1001,$H15),"")) | H15: =IF($B$3="","",IFERROR(AGGREGATE(15,6,(ROW(Personas!$H$2:$H$1001)-ROW(Personas!$H$2)+1)/(ISNUMBER(SEARCH($B$3,Personas!$H$2:$H$1001))),9),""))
A16: =IF($H16="","",IFERROR(INDEX(Personas!$A$2:$A$1001,$H16),"")) | B16: =IF($H16="","",IFERROR(INDEX(Personas!$B$2:$B$1001,$H16),"")) | C16: =IF($H16="","",IFERROR(INDEX(Personas!$C$2:$C$1001,$H16),"")) | D16: =IF($H16="","",IFERROR(INDEX(Personas!$D$2:$D$1001,$H16),"")) | E16: =IF($H16="","",IFERROR(INDEX(Personas!$E$2:$E$1001,$H16),"")) | F16: =IF($H16="","",IFERROR(INDEX(Personas!$F$2:$F$1001,$H16),"")) | G16: =IF($H16="","",IFERROR(INDEX(Personas!$G$2:$G$1001,$H16),"")) | H16: =IF($B$3="","",IFERROR(AGGREGATE(15,6,(ROW(Personas!$H$2:$H$1001)-ROW(Personas!$H$2)+1)/(ISNUMBER(SEARCH($B$3,Personas!$H$2:$H$1001))),10),""))
A17: =IF($H17="","",IFERROR(INDEX(Personas!$A$2:$A$1001,$H17),"")) | B17: =IF($H17="","",IFERROR(INDEX(Personas!$B$2:$B$1001,$H17),"")) | C17: =IF($H17="","",IFERROR(INDEX(Personas!$C$2:$C$1001,$H17),"")) | D17: =IF($H17="","",IFERROR(INDEX(Personas!$D$2:$D$1001,$H17),"")) | E17: =IF($H17="","",IFERROR(INDEX(Personas!$E$2:$E$1001,$H17),"")) | F17: =IF($H17="","",IFERROR(INDEX(Personas!$F$2:$F$1001,$H17),"")) | G17: =IF($H17="","",IFERROR(INDEX(Personas!$G$2:$G$1001,$H17),"")) | H17: =IF($B$3="","",IFERROR(AGGREGATE(15,6,(ROW(Personas!$H$2:$H$1001)-ROW(Personas!$H$2)+1)/(ISNUMBER(SEARCH($B$3,Personas!$H$2:$H$1001))),11),""))
A18: =IF($H18="","",IFERROR(INDEX(Personas!$A$2:$A$1001,$H18),"")) | B18: =IF($H18="","",IFERROR(INDEX(Personas!$B$2:$B$1001,$H18),"")) | C18: =IF($H18="","",IFERROR(INDEX(Personas!$C$2:$C$1001,$H18),"")) | D18: =IF($H18="","",IFERROR(INDEX(Personas!$D$2:$D$1001,$H18),"")) | E18: =IF($H18="","",IFERROR(INDEX(Personas!$E$2:$E$1001,$H18),"")) | F18: =IF($H18="","",IFERROR(INDEX(Personas!$F$2:$F$1001,$H18),"")) | G18: =IF($H18="","",IFERROR(INDEX(Personas!$G$2:$G$1001,$H18),"")) | H18: =IF($B$3="","",IFERROR(AGGREGATE(15,6,(ROW(Personas!$H$2:$H$1001)-ROW(Personas!$H$2)+1)/(ISNUMBER(SEARCH($B$3,Personas!$H$2:$H$1001))),12),""))
A19: =IF($H19="","",IFERROR(INDEX(Personas!$A$2:$A$1001,$H19),"")) | B19: =IF($H19="","",IFERROR(INDEX(Personas!$B$2:$B$1001,$H19),"")) | C19: =IF($H19="","",IFERROR(INDEX(Personas!$C$2:$C$1001,$H19),"")) | D19: =IF($H19="","",IFERROR(INDEX(Personas!$D$2:$D$1001,$H19),"")) | E19: =IF($H19="","",IFERROR(INDEX(Personas!$E$2:$E$1001,$H19),"")) | F19: =IF($H19="","",IFERROR(INDEX(Personas!$F$2:$F$1001,$H19),"")) | G19: =IF($H19="","",IFERROR(INDEX(Personas!$G$2:$G$1001,$H19),"")) | H19: =IF($B$3="","",IFERROR(AGGREGATE(15,6,(ROW(Personas!$H$2:$H$1001)-ROW(Personas!$H$2)+1)/(ISNUMBER(SEARCH($B$3,Personas!$H$2:$H$1001))),13),""))
A20: =IF($H20="","",IFERROR(INDEX(Personas!$A$2:$A$1001,$H20),"")) | B20: =IF($H20="","",IFERROR(INDEX(Personas!$B$2:$B$1001,$H20),"")) | C20: =IF($H20="","",IFERROR(INDEX(Personas!$C$2:$C$1001,$H20),"")) | D20: =IF($H20="","",IFERROR(INDEX(Personas!$D$2:$D$1001,$H20),"")) | E20: =IF($H20="","",IFERROR(INDEX(Personas!$E$2:$E$1001,$H20),"")) | F20: =IF($H20="","",IFERROR(INDEX(Personas!$F$2:$F$1001,$H20),"")) | G20: =IF($H20="","",IFERROR(INDEX(Personas!$G$2:$G$1001,$H20),"")) | H20: =IF($B$3="","",IFERROR(AGGREGATE(15,6,(ROW(Personas!$H$2:$H$1001)-ROW(Personas!$H$2)+1)/(ISNUMBER(SEARCH($B$3,Personas!$H$2:$H$1001))),14),""))
A21: =IF($H21="","",IFERROR(INDEX(Personas!$A$2:$A$1001,$H21),"")) | B21: =IF($H21="","",IFERROR(INDEX(Personas!$B$2:$B$1001,$H21),"")) | C21: =IF($H21="","",IFERROR(INDEX(Personas!$C$2:$C$1001,$H21),"")) | D21: =IF($H21="","",IFERROR(INDEX(Personas!$D$2:$D$1001,$H21),"")) | E21: =IF($H21="","",IFERROR(INDEX(Personas!$E$2:$E$1001,$H21),"")) | F21: =IF($H21="","",IFERROR(INDEX(Personas!$F$2:$F$1001,$H21),"")) | G21: =IF($H21="","",IFERROR(INDEX(Personas!$G$2:$G$1001,$H21),"")) | H21: =IF($B$3="","",IFERROR(AGGREGATE(15,6,(ROW(Personas!$H$2:$H$1001)-ROW(Personas!$H$2)+1)/(ISNUMBER(SEARCH($B$3,Personas!$H$2:$H$1001))),15),""))
A22: =IF($H22="","",IFERROR(INDEX(Personas!$A$2:$A$1001,$H22),"")) | B22: =IF($H22="","",IFERROR(INDEX(Personas!$B$2:$B$1001,$H22),"")) | C22: =IF($H22="","",IFERROR(INDEX(Personas!$C$2:$C$1001,$H22),"")) | D22: =IF($H22="","",IFERROR(INDEX(Personas!$D$2:$D$1001,$H22),"")) | E22: =IF($H22="","",IFERROR(INDEX(Personas!$E$2:$E$1001,$H22),"")) | F22: =IF($H22="","",IFERROR(INDEX(Personas!$F$2:$F$1001,$H22),"")) | G22: =IF($H22="","",IFERROR(INDEX(Personas!$G$2:$G$1001,$H22),"")) | H22: =IF($B$3="","",IFERROR(AGGREGATE(15,6,(ROW(Personas!$H$2:$H$1001)-ROW(Personas!$H$2)+1)/(ISNUMBER(SEARCH($B$3,Personas!$H$2:$H$1001))),16),""))
A23: =IF($H23="","",IFERROR(INDEX(Personas!$A$2:$A$1001,$H23),"")) | B23: =IF($H23="","",IFERROR(INDEX(Personas!$B$2:$B$1001,$H23),"")) | C23: =IF($H23="","",IFERROR(INDEX(Personas!$C$2:$C$1001,$H23),"")) | D23: =IF($H23="","",IFERROR(INDEX(Personas!$D$2:$D$1001,$H23),"")) | E23: =IF($H23="","",IFERROR(INDEX(Personas!$E$2:$E$1001,$H23),"")) | F23: =IF($H23="","",IFERROR(INDEX(Personas!$F$2:$F$1001,$H23),"")) | G23: =IF($H23="","",IFERROR(INDEX(Personas!$G$2:$G$1001,$H23),"")) | H23: =IF($B$3="","",IFERROR(AGGREGATE(15,6,(ROW(Personas!$H$2:$H$1001)-ROW(Personas!$H$2)+1)/(ISNUMBER(SEARCH($B$3,Personas!$H$2:$H$1001))),17),""))
A24: =IF($H24="","",IFERROR(INDEX(Personas!$A$2:$A$1001,$H24),"")) | B24: =IF($H24="","",IFERROR(INDEX(Personas!$B$2:$B$1001,$H24),"")) | C24: =IF($H24="","",IFERROR(INDEX(Personas!$C$2:$C$1001,$H24),"")) | D24: =IF($H24="","",IFERROR(INDEX(Personas!$D$2:$D$1001,$H24),"")) | E24: =IF($H24="","",IFERROR(INDEX(Personas!$E$2:$E$1001,$H24),"")) | F24: =IF($H24="","",IFERROR(INDEX(Personas!$F$2:$F$1001,$H24),"")) | G24: =IF($H24="","",IFERROR(INDEX(Personas!$G$2:$G$1001,$H24),"")) | H24: =IF($B$3="","",IFERROR(AGGREGATE(15,6,(ROW(Personas!$H$2:$H$1001)-ROW(Personas!$H$2)+1)/(ISNUMBER(SEARCH($B$3,Personas!$H$2:$H$1001))),18),""))
A25: =IF($H25="","",IFERROR(INDEX(Personas!$A$2:$A$1001,$H25),"")) | B25: =IF($H25="","",IFERROR(INDEX(Personas!$B$2:$B$1001,$H25),"")) | C25: =IF($H25="","",IFERROR(INDEX(Personas!$C$2:$C$1001,$H25),"")) | D25: =IF($H25="","",IFERROR(INDEX(Personas!$D$2:$D$1001,$H25),"")) | E25: =IF($H25="","",IFERROR(INDEX(Personas!$E$2:$E$1001,$H25),"")) | F25: =IF($H25="","",IFERROR(INDEX(Personas!$F$2:$F$1001,$H25),"")) | G25: =IF($H25="","",IFERROR(INDEX(Personas!$G$2:$G$1001,$H25),"")) | H25: =IF($B$3="","",IFERROR(AGGREGATE(15,6,(ROW(Personas!$H$2:$H$1001)-ROW(Personas!$H$2)+1)/(ISNUMBER(SEARCH($B$3,Personas!$H$2:$H$1001))),19),""))
A26: =IF($H26="","",IFERROR(INDEX(Personas!$A$2:$A$1001,$H26),"")) | B26: =IF($H26="","",IFERROR(INDEX(Personas!$B$2:$B$1001,$H26),"")) | C26: =IF($H26="","",IFERROR(INDEX(Personas!$C$2:$C$1001,$H26),"")) | D26: =IF($H26="","",IFERROR(INDEX(Personas!$D$2:$D$1001,$H26),"")) | E26: =IF($H26="","",IFERROR(INDEX(Personas!$E$2:$E$1001,$H26),"")) | F26: =IF($H26="","",IFERROR(INDEX(Personas!$F$2:$F$1001,$H26),"")) | G26: =IF($H26="","",IFERROR(INDEX(Personas!$G$2:$G$1001,$H26),"")) | H26: =IF($B$3="","",IFERROR(AGGREGATE(15,6,(ROW(Personas!$H$2:$H$1001)-ROW(Personas!$H$2)+1)/(ISNUMBER(SEARCH($B$3,Personas!$H$2:$H$1001))),20),""))
A27: =IF($H27="","",IFERROR(INDEX(Personas!$A$2:$A$1001,$H27),"")) | B27: =IF($H27="","",IFERROR(INDEX(Personas!$B$2:$B$1001,$H27),"")) | C27: =IF($H27="","",IFERROR(INDEX(Personas!$C$2:$C$1001,$H27),"")) | D27: =IF($H27="","",IFERROR(INDEX(Personas!$D$2:$D$1001,$H27),"")) | E27: =IF($H27="","",IFERROR(INDEX(Personas!$E$2:$E$1001,$H27),"")) | F27: =IF($H27="","",IFERROR(INDEX(Personas!$F$2:$F$1001,$H27),"")) | G27: =IF($H27="","",IFERROR(INDEX(Personas!$G$2:$G$1001,$H27),"")) | H27: =IF($B$3="","",IFERROR(AGGREGATE(15,6,(ROW(Personas!$H$2:$H$1001)-ROW(Personas!$H$2)+1)/(ISNUMBER(SEARCH($B$3,Personas!$H$2:$H$1001))),21),""))
A28: =IF($H28="","",IFERROR(INDEX(Personas!$A$2:$A$1001,$H28),"")) | B28: =IF($H28="","",IFERROR(INDEX(Personas!$B$2:$B$1001,$H28),"")) | C28: =IF($H28="","",IFERROR(INDEX(Personas!$C$2:$C$1001,$H28),"")) | D28: =IF($H28="","",IFERROR(INDEX(Personas!$D$2:$D$1001,$H28),"")) | E28: =IF($H28="","",IFERROR(INDEX(Personas!$E$2:$E$1001,$H28),"")) | F28: =IF($H28="","",IFERROR(INDEX(Personas!$F$2:$F$1001,$H28),"")) | G28: =IF($H28="","",IFERROR(INDEX(Personas!$G$2:$G$1001,$H28),"")) | H28: =IF($B$3="","",IFERROR(AGGREGATE(15,6,(ROW(Personas!$H$2:$H$1001)-ROW(Personas!$H$2)+1)/(ISNUMBER(SEARCH($B$3,Personas!$H$2:$H$1001))),22),""))
A29: =IF($H29="","",IFERROR(INDEX(Personas!$A$2:$A$1001,$H29),"")) | B29: =IF($H29="","",IFERROR(INDEX(Personas!$B$2:$B$1001,$H29),"")) | C29: =IF($H29="","",IFERROR(INDEX(Personas!$C$2:$C$1001,$H29),"")) | D29: =IF($H29="","",IFERROR(INDEX(Personas!$D$2:$D$1001,$H29),"")) | E29: =IF($H29="","",IFERROR(INDEX(Personas!$E$2:$E$1001,$H29),"")) | F29: =IF($H29="","",IFERROR(INDEX(Personas!$F$2:$F$1001,$H29),"")) | G29: =IF($H29="","",IFERROR(INDEX(Personas!$G$2:$G$1001,$H29),"")) | H29: =IF($B$3="","",IFERROR(AGGREGATE(15,6,(ROW(Personas!$H$2:$H$1001)-ROW(Personas!$H$2)+1)/(ISNUMBER(SEARCH($B$3,Personas!$H$2:$H$1001))),23),""))
A30: =IF($H30="","",IFERROR(INDEX(Personas!$A$2:$A$1001,$H30),"")) | B30: =IF($H30="","",IFERROR(INDEX(Personas!$B$2:$B$1001,$H30),"")) | C30: =IF($H30="","",IFERROR(INDEX(Personas!$C$2:$C$1001,$H30),"")) | D30: =IF($H30="","",IFERROR(INDEX(Personas!$D$2:$D$1001,$H30),"")) | E30: =IF($H30="","",IFERROR(INDEX(Personas!$E$2:$E$1001,$H30),"")) | F30: =IF($H30="","",IFERROR(INDEX(Personas!$F$2:$F$1001,$H30),"")) | G30: =IF($H30="","",IFERROR(INDEX(Personas!$G$2:$G$1001,$H30),"")) | H30: =IF($B$3="","",IFERROR(AGGREGATE(15,6,(ROW(Personas!$H$2:$H$1001)-ROW(Personas!$H$2)+1)/(ISNUMBER(SEARCH($B$3,Personas!$H$2:$H$1001))),24),""))
A31: =IF($H31="","",IFERROR(INDEX(Personas!$A$2:$A$1001,$H31),"")) | B31: =IF($H31="","",IFERROR(INDEX(Personas!$B$2:$B$1001,$H31),"")) | C31: =IF($H31="","",IFERROR(INDEX(Personas!$C$2:$C$1001,$H31),"")) | D31: =IF($H31="","",IFERROR(INDEX(Personas!$D$2:$D$1001,$H31),"")) | E31: =IF($H31="","",IFERROR(INDEX(Personas!$E$2:$E$1001,$H31),"")) | F31: =IF($H31="","",IFERROR(INDEX(Personas!$F$2:$F$1001,$H31),"")) | G31: =IF($H31="","",IFERROR(INDEX(Personas!$G$2:$G$1001,$H31),"")) | H31: =IF($B$3="","",IFERROR(AGGREGATE(15,6,(ROW(Personas!$H$2:$H$1001)-ROW(Personas!$H$2)+1)/(ISNUMBER(SEARCH($B$3,Personas!$H$2:$H$1001))),25),""))
A32: =IF($H32="","",IFERROR(INDEX(Personas!$A$2:$A$1001,$H32),"")) | B32: =IF($H32="","",IFERROR(INDEX(Personas!$B$2:$B$1001,$H32),"")) | C32: =IF($H32="","",IFERROR(INDEX(Personas!$C$2:$C$1001,$H32),"")) | D32: =IF($H32="","",IFERROR(INDEX(Personas!$D$2:$D$1001,$H32),"")) | E32: =IF($H32="","",IFERROR(INDEX(Personas!$E$2:$E$1001,$H32),"")) | F32: =IF($H32="","",IFERROR(INDEX(Personas!$F$2:$F$1001,$H32),"")) | G32: =IF($H32="","",IFERROR(INDEX(Personas!$G$2:$G$1001,$H32),"")) | H32: =IF($B$3="","",IFERROR(AGGREGATE(15,6,(ROW(Personas!$H$2:$H$1001)-ROW(Personas!$H$2)+1)/(ISNUMBER(SEARCH($B$3,Personas!$H$2:$H$1001))),26),""))
A33: =IF($H33="","",IFERROR(INDEX(Personas!$A$2:$A$1001,$H33),"")) | B33: =IF($H33="","",IFERROR(INDEX(Personas!$B$2:$B$1001,$H33),"")) | C33: =IF($H33="","",IFERROR(INDEX(Personas!$C$2:$C$1001,$H33),"")) | D33: =IF($H33="","",IFERROR(INDEX(Personas!$D$2:$D$1001,$H33),"")) | E33: =IF($H33="","",IFERROR(INDEX(Personas!$E$2:$E$1001,$H33),"")) | F33: =IF($H33="","",IFERROR(INDEX(Personas!$F$2:$F$1001,$H33),"")) | G33: =IF($H33="","",IFERROR(INDEX(Personas!$G$2:$G$1001,$H33),"")) | H33: =IF($B$3="","",IFERROR(AGGREGATE(15,6,(ROW(Personas!$H$2:$H$1001)-ROW(Personas!$H$2)+1)/(ISNUMBER(SEARCH($B$3,Personas!$H$2:$H$1001))),27),""))
A34: =IF($H34="","",IFERROR(INDEX(Personas!$A$2:$A$1001,$H34),"")) | B34: =IF($H34="","",IFERROR(INDEX(Personas!$B$2:$B$1001,$H34),"")) | C34: =IF($H34="","",IFERROR(INDEX(Personas!$C$2:$C$1001,$H34),"")) | D34: =IF($H34="","",IFERROR(INDEX(Personas!$D$2:$D$1001,$H34),"")) | E34: =IF($H34="","",IFERROR(INDEX(Personas!$E$2:$E$1001,$H34),"")) | F34: =IF($H34="","",IFERROR(INDEX(Personas!$F$2:$F$1001,$H34),"")) | G34: =IF($H34="","",IFERROR(INDEX(Personas!$G$2:$G$1001,$H34),"")) | H34: =IF($B$3="","",IFERROR(AGGREGATE(15,6,(ROW(Personas!$H$2:$H$1001)-ROW(Personas!$H$2)+1)/(ISNUMBER(SEARCH($B$3,Personas!$H$2:$H$1001))),28),""))
A35: =IF($H35="","",IFERROR(INDEX(Personas!$A$2:$A$1001,$H35),"")) | B35: =IF($H35="","",IFERROR(INDEX(Personas!$B$2:$B$1001,$H35),"")) | C35: =IF($H35="","",IFERROR(INDEX(Personas!$C$2:$C$1001,$H35),"")) | D35: =IF($H35="","",IFERROR(INDEX(Personas!$D$2:$D$1001,$H35),"")) | E35: =IF($H35="","",IFERROR(INDEX(Personas!$E$2:$E$1001,$H35),"")) | F35: =IF($H35="","",IFERROR(INDEX(Personas!$F$2:$F$1001,$H35),"")) | G35: =IF($H35="","",IFERROR(INDEX(Personas!$G$2:$G$1001,$H35),"")) | H35: =IF($B$3="","",IFERROR(AGGREGATE(15,6,(ROW(Personas!$H$2:$H$1001)-ROW(Personas!$H$2)+1)/(ISNUMBER(SEARCH($B$3,Personas!$H$2:$H$1001))),29),""))
A36: =IF($H36="","",IFERROR(INDEX(Personas!$A$2:$A$1001,$H36),"")) | B36: =IF($H36="","",IFERROR(INDEX(Personas!$B$2:$B$1001,$H36),"")) | C36: =IF($H36="","",IFERROR(INDEX(Personas!$C$2:$C$1001,$H36),"")) | D36: =IF($H36="","",IFERROR(INDEX(Personas!$D$2:$D$1001,$H36),"")) | E36: =IF($H36="","",IFERROR(INDEX(Personas!$E$2:$E$1001,$H36),"")) | F36: =IF($H36="","",IFERROR(INDEX(Personas!$F$2:$F$1001,$H36),"")) | G36: =IF($H36="","",IFERROR(INDEX(Personas!$G$2:$G$1001,$H36),"")) | H36: =IF($B$3="","",IFERROR(AGGREGATE(15,6,(ROW(Personas!$H$2:$H$1001)-ROW(Personas!$H$2)+1)/(ISNUMBER(SEARCH($B$3,Personas!$H$2:$H$1001))),30),""))
A37: =IF($H37="","",IFERROR(INDEX(Personas!$A$2:$A$1001,$H37),"")) | B37: =IF($H37="","",IFERROR(INDEX(Personas!$B$2:$B$1001,$H37),"")) | C37: =IF($H37="","",IFERROR(INDEX(Personas!$C$2:$C$1001,$H37),"")) | D37: =IF($H37="","",IFERROR(INDEX(Personas!$D$2:$D$1001,$H37),"")) | E37: =IF($H37="","",IFERROR(INDEX(Personas!$E$2:$E$1001,$H37),"")) | F37: =IF($H37="","",IFERROR(INDEX(Personas!$F$2:$F$1001,$H37),"")) | G37: =IF($H37="","",IFERROR(INDEX(Personas!$G$2:$G$1001,$H37),"")) | H37: =IF($B$3="","",IFERROR(AGGREGATE(15,6,(ROW(Personas!$H$2:$H$1001)-ROW(Personas!$H$2)+1)/(ISNUMBER(SEARCH($B$3,Personas!$H$2:$H$1001))),31),""))
A38: =IF($H38="","",IFERROR(INDEX(Personas!$A$2:$A$1001,$H38),"")) | B38: =IF($H38="","",IFERROR(INDEX(Personas!$B$2:$B$1001,$H38),"")) | C38: =IF($H38="","",IFERROR(INDEX(Personas!$C$2:$C$1001,$H38),"")) | D38: =IF($H38="","",IFERROR(INDEX(Personas!$D$2:$D$1001,$H38),"")) | E38: =IF($H38="","",IFERROR(INDEX(Personas!$E$2:$E$1001,$H38),"")) | F38: =IF($H38="","",IFERROR(INDEX(Personas!$F$2:$F$1001,$H38),"")) | G38: =IF($H38="","",IFERROR(INDEX(Personas!$G$2:$G$1001,$H38),"")) | H38: =IF($B$3="","",IFERROR(AGGREGATE(15,6,(ROW(Personas!$H$2:$H$1001)-ROW(Personas!$H$2)+1)/(ISNUMBER(SEARCH($B$3,Personas!$H$2:$H$1001))),32),""))
A39: =IF($H39="","",IFERROR(INDEX(Personas!$A$2:$A$1001,$H39),"")) | B39: =IF($H39="","",IFERROR(INDEX(Personas!$B$2:$B$1001,$H39),"")) | C39: =IF($H39="","",IFERROR(INDEX(Personas!$C$2:$C$1001,$H39),"")) | D39: =IF($H39="","",IFERROR(INDEX(Personas!$D$2:$D$1001,$H39),"")) | E39: =IF($H39="","",IFERROR(INDEX(Personas!$E$2:$E$1001,$H39),"")) | F39: =IF($H39="","",IFERROR(INDEX(Personas!$F$2:$F$1001,$H39),"")) | G39: =IF($H39="","",IFERROR(INDEX(Personas!$G$2:$G$1001,$H39),"")) | H39: =IF($B$3="","",IFERROR(AGGREGATE(15,6,(ROW(Personas!$H$2:$H$1001)-ROW(Personas!$H$2)+1)/(ISNUMBER(SEARCH($B$3,Personas!$H$2:$H$1001))),33),""))
A40: =IF($H40="","",IFERROR(INDEX(Personas!$A$2:$A$1001,$H40),"")) | B40: =IF($H40="","",IFERROR(INDEX(Personas!$B$2:$B$1001,$H40),"")) | C40: =IF($H40="","",IFERROR(INDEX(Personas!$C$2:$C$1001,$H40),"")) | D40: =IF($H40="","",IFERROR(INDEX(Personas!$D$2:$D$1001,$H40),"")) | E40: =IF($H40="","",IFERROR(INDEX(Personas!$E$2:$E$1001,$H40),"")) | F40: =IF($H40="","",IFERROR(INDEX(Personas!$F$2:$F$1001,$H40),"")) | G40: =IF($H40="","",IFERROR(INDEX(Personas!$G$2:$G$1001,$H40),"")) | H40: =IF($B$3="","",IFERROR(AGGREGATE(15,6,(ROW(Personas!$H$2:$H$1001)-ROW(Personas!$H$2)+1)/(ISNUMBER(SEARCH($B$3,Personas!$H$2:$H$1001))),34),""))
A41: =IF($H41="","",IFERROR(INDEX(Personas!$A$2:$A$1001,$H41),"")) | B41: =IF($H41="","",IFERROR(INDEX(Personas!$B$2:$B$1001,$H41),"")) | C41: =IF($H41="","",IFERROR(INDEX(Personas!$C$2:$C$1001,$H41),"")) | D41: =IF($H41="","",IFERROR(INDEX(Personas!$D$2:$D$1001,$H41),"")) | E41: =IF($H41="","",IFERROR(INDEX(Personas!$E$2:$E$1001,$H41),"")) | F41: =IF($H41="","",IFERROR(INDEX(Personas!$F$2:$F$1001,$H41),"")) | G41: =IF($H41="","",IFERROR(INDEX(Personas!$G$2:$G$1001,$H41),"")) | H41: =IF($B$3="","",IFERROR(AGGREGATE(15,6,(ROW(Personas!$H$2:$H$1001)-ROW(Personas!$H$2)+1)/(ISNUMBER(SEARCH($B$3,Personas!$H$2:$H$1001))),35),""))
A42: =IF($H42="","",IFERROR(INDEX(Personas!$A$2:$A$1001,$H42),"")) | B42: =IF($H42="","",IFERROR(INDEX(Personas!$B$2:$B$1001,$H42),"")) | C42: =IF($H42="","",IFERROR(INDEX(Personas!$C$2:$C$1001,$H42),"")) | D42: =IF($H42="","",IFERROR(INDEX(Personas!$D$2:$D$1001,$H42),"")) | E42: =IF($H42="","",IFERROR(INDEX(Personas!$E$2:$E$1001,$H42),"")) | F42: =IF($H42="","",IFERROR(INDEX(Personas!$F$2:$F$1001,$H42),"")) | G42: =IF($H42="","",IFERROR(INDEX(Personas!$G$2:$G$1001,$H42),"")) | H42: =IF($B$3="","",IFERROR(AGGREGATE(15,6,(ROW(Personas!$H$2:$H$1001)-ROW(Personas!$H$2)+1)/(ISNUMBER(SEARCH($B$3,Personas!$H$2:$H$1001))),36),""))
A43: =IF($H43="","",IFERROR(INDEX(Personas!$A$2:$A$1001,$H43),"")) | B43: =IF($H43="","",IFERROR(INDEX(Personas!$B$2:$B$1001,$H43),"")) | C43: =IF($H43="","",IFERROR(INDEX(Personas!$C$2:$C$1001,$H43),"")) | D43: =IF($H43="","",IFERROR(INDEX(Personas!$D$2:$D$1001,$H43),"")) | E43: =IF($H43="","",IFERROR(INDEX(Personas!$E$2:$E$1001,$H43),"")) | F43: =IF($H43="","",IFERROR(INDEX(Personas!$F$2:$F$1001,$H43),"")) | G43: =IF($H43="","",IFERROR(INDEX(Personas!$G$2:$G$1001,$H43),"")) | H43: =IF($B$3="","",IFERROR(AGGREGATE(15,6,(ROW(Personas!$H$2:$H$1001)-ROW(Personas!$H$2)+1)/(ISNUMBER(SEARCH($B$3,Personas!$H$2:$H$1001))),37),""))
A44: =IF($H44="","",IFERROR(INDEX(Personas!$A$2:$A$1001,$H44),"")) | B44: =IF($H44="","",IFERROR(INDEX(Personas!$B$2:$B$1001,$H44),"")) | C44: =IF($H44="","",IFERROR(INDEX(Personas!$C$2:$C$1001,$H44),"")) | D44: =IF($H44="","",IFERROR(INDEX(Personas!$D$2:$D$1001,$H44),"")) | E44: =IF($H44="","",IFERROR(INDEX(Personas!$E$2:$E$1001,$H44),"")) | F44: =IF($H44="","",IFERROR(INDEX(Personas!$F$2:$F$1001,$H44),"")) | G44: =IF($H44="","",IFERROR(INDEX(Personas!$G$2:$G$1001,$H44),"")) | H44: =IF($B$3="","",IFERROR(AGGREGATE(15,6,(ROW(Personas!$H$2:$H$1001)-ROW(Personas!$H$2)+1)/(ISNUMBER(SEARCH($B$3,Personas!$H$2:$H$1001))),38),""))
A45: =IF($H45="","",IFERROR(INDEX(Personas!$A$2:$A$1001,$H45),"")) | B45: =IF($H45="","",IFERROR(INDEX(Personas!$B$2:$B$1001,$H45),"")) | C45: =IF($H45="","",IFERROR(INDEX(Personas!$C$2:$C$1001,$H45),"")) | D45: =IF($H45="","",IFERROR(INDEX(Personas!$D$2:$D$1001,$H45),"")) | E45: =IF($H45="","",IFERROR(INDEX(Personas!$E$2:$E$1001,$H45),"")) | F45: =IF($H45="","",IFERROR(INDEX(Personas!$F$2:$F$1001,$H45),"")) | G45: =IF($H45="","",IFERROR(INDEX(Personas!$G$2:$G$1001,$H45),"")) | H45: =IF($B$3="","",IFERROR(AGGREGATE(15,6,(ROW(Personas!$H$2:$H$1001)-ROW(Personas!$H$2)+1)/(ISNUMBER(SEARCH($B$3,Personas!$H$2:$H$1001))),39),""))
A46: =IF($H46="","",IFERROR(INDEX(Personas!$A$2:$A$1001,$H46),"")) | B46: =IF($H46="","",IFERROR(INDEX(Personas!$B$2:$B$1001,$H46),"")) | C46: =IF($H46="","",IFERROR(INDEX(Personas!$C$2:$C$1001,$H46),"")) | D46: =IF($H46="","",IFERROR(INDEX(Personas!$D$2:$D$1001,$H46),"")) | E46: =IF($H46="","",IFERROR(INDEX(Personas!$E$2:$E$1001,$H46),"")) | F46: =IF($H46="","",IFERROR(INDEX(Personas!$F$2:$F$1001,$H46),"")) | G46: =IF($H46="","",IFERROR(INDEX(Personas!$G$2:$G$1001,$H46),"")) | H46: =IF($B$3="","",IFERROR(AGGREGATE(15,6,(ROW(Personas!$H$2:$H$1001)-ROW(Personas!$H$2)+1)/(ISNUMBER(SEARCH($B$3,Personas!$H$2:$H$1001))),40),""))
A47: =IF($H47="","",IFERROR(INDEX(Personas!$A$2:$A$1001,$H47),"")) | B47: =IF($H47="","",IFERROR(INDEX(Personas!$B$2:$B$1001,$H47),"")) | C47: =IF($H47="","",IFERROR(INDEX(Personas!$C$2:$C$1001,$H47),"")) | D47: =IF($H47="","",IFERROR(INDEX(Personas!$D$2:$D$1001,$H47),"")) | E47: =IF($H47="","",IFERROR(INDEX(Personas!$E$2:$E$1001,$H47),"")) | F47: =IF($H47="","",IFERROR(INDEX(Personas!$F$2:$F$1001,$H47),"")) | G47: =IF($H47="","",IFERROR(INDEX(Personas!$G$2:$G$1001,$H47),"")) | H47: =IF($B$3="","",IFERROR(AGGREGATE(15,6,(ROW(Personas!$H$2:$H$1001)-ROW(Personas!$H$2)+1)/(ISNUMBER(SEARCH($B$3,Personas!$H$2:$H$1001))),41),""))
A48: =IF($H48="","",IFERROR(INDEX(Personas!$A$2:$A$1001,$H48),"")) | B48: =IF($H48="","",IFERROR(INDEX(Personas!$B$2:$B$1001,$H48),"")) | C48: =IF($H48="","",IFERROR(INDEX(Personas!$C$2:$C$1001,$H48),"")) | D48: =IF($H48="","",IFERROR(INDEX(Personas!$D$2:$D$1001,$H48),"")) | E48: =IF($H48="","",IFERROR(INDEX(Personas!$E$2:$E$1001,$H48),"")) | F48: =IF($H48="","",IFERROR(INDEX(Personas!$F$2:$F$1001,$H48),"")) | G48: =IF($H48="","",IFERROR(INDEX(Personas!$G$2:$G$1001,$H48),"")) | H48: =IF($B$3="","",IFERROR(AGGREGATE(15,6,(ROW(Personas!$H$2:$H$1001)-ROW(Personas!$H$2)+1)/(ISNUMBER(SEARCH($B$3,Personas!$H$2:$H$1001))),42),""))
A49: =IF($H49="","",IFERROR(INDEX(Personas!$A$2:$A$1001,$H49),"")) | B49: =IF($H49="","",IFERROR(INDEX(Personas!$B$2:$B$1001,$H49),"")) | C49: =IF($H49="","",IFERROR(INDEX(Personas!$C$2:$C$1001,$H49),"")) | D49: =IF($H49="","",IFERROR(INDEX(Personas!$D$2:$D$1001,$H49),"")) | E49: =IF($H49="","",IFERROR(INDEX(Personas!$E$2:$E$1001,$H49),"")) | F49: =IF($H49="","",IFERROR(INDEX(Personas!$F$2:$F$1001,$H49),"")) | G49: =IF($H49="","",IFERROR(INDEX(Personas!$G$2:$G$1001,$H49),"")) | H49: =IF($B$3="","",IFERROR(AGGREGATE(15,6,(ROW(Personas!$H$2:$H$1001)-ROW(Personas!$H$2)+1)/(ISNUMBER(SEARCH($B$3,Personas!$H$2:$H$1001))),43),""))
A50: =IF($H50="","",IFERROR(INDEX(Personas!$A$2:$A$1001,$H50),"")) | B50: =IF($H50="","",IFERROR(INDEX(Personas!$B$2:$B$1001,$H50),"")) | C50: =IF($H50="","",IFERROR(INDEX(Personas!$C$2:$C$1001,$H50),"")) | D50: =IF($H50="","",IFERROR(INDEX(Personas!$D$2:$D$1001,$H50),"")) | E50: =IF($H50="","",IFERROR(INDEX(Personas!$E$2:$E$1001,$H50),"")) | F50: =IF($H50="","",IFERROR(INDEX(Personas!$F$2:$F$1001,$H50),"")) | G50: =IF($H50="","",IFERROR(INDEX(Personas!$G$2:$G$1001,$H50),"")) | H50: =IF($B$3="","",IFERROR(AGGREGATE(15,6,(ROW(Personas!$H$2:$H$1001)-ROW(Personas!$H$2)+1)/(ISNUMBER(SEARCH($B$3,Personas!$H$2:$H$1001))),44),""))
A51: =IF($H51="","",IFERROR(INDEX(Personas!$A$2:$A$1001,$H51),"")) | B51: =IF($H51="","",IFERROR(INDEX(Personas!$B$2:$B$1001,$H51),"")) | C51: =IF($H51="","",IFERROR(INDEX(Personas!$C$2:$C$1001,$H51),"")) | D51: =IF($H51="","",IFERROR(INDEX(Personas!$D$2:$D$1001,$H51),"")) | E51: =IF($H51="","",IFERROR(INDEX(Personas!$E$2:$E$1001,$H51),"")) | F51: =IF($H51="","",IFERROR(INDEX(Personas!$F$2:$F$1001,$H51),"")) | G51: =IF($H51="","",IFERROR(INDEX(Personas!$G$2:$G$1001,$H51),"")) | H51: =IF($B$3="","",IFERROR(AGGREGATE(15,6,(ROW(Personas!$H$2:$H$1001)-ROW(Personas!$H$2)+1)/(ISNUMBER(SEARCH($B$3,Personas!$H$2:$H$1001))),45),""))
A52: =IF($H52="","",IFERROR(INDEX(Personas!$A$2:$A$1001,$H52),"")) | B52: =IF($H52="","",IFERROR(INDEX(Personas!$B$2:$B$1001,$H52),"")) | C52: =IF($H52="","",IFERROR(INDEX(Personas!$C$2:$C$1001,$H52),"")) | D52: =IF($H52="","",IFERROR(INDEX(Personas!$D$2:$D$1001,$H52),"")) | E52: =IF($H52="","",IFERROR(INDEX(Personas!$E$2:$E$1001,$H52),"")) | F52: =IF($H52="","",IFERROR(INDEX(Personas!$F$2:$F$1001,$H52),"")) | G52: =IF($H52="","",IFERROR(INDEX(Personas!$G$2:$G$1001,$H52),"")) | H52: =IF($B$3="","",IFERROR(AGGREGATE(15,6,(ROW(Personas!$H$2:$H$1001)-ROW(Personas!$H$2)+1)/(ISNUMBER(SEARCH($B$3,Personas!$H$2:$H$1001))),46),""))
A53: =IF($H53="","",IFERROR(INDEX(Personas!$A$2:$A$1001,$H53),"")) | B53: =IF($H53="","",IFERROR(INDEX(Personas!$B$2:$B$1001,$H53),"")) | C53: =IF($H53="","",IFERROR(INDEX(Personas!$C$2:$C$1001,$H53),"")) | D53: =IF($H53="","",IFERROR(INDEX(Personas!$D$2:$D$1001,$H53),"")) | E53: =IF($H53="","",IFERROR(INDEX(Personas!$E$2:$E$1001,$H53),"")) | F53: =IF($H53="","",IFERROR(INDEX(Personas!$F$2:$F$1001,$H53),"")) | G53: =IF($H53="","",IFERROR(INDEX(Personas!$G$2:$G$1001,$H53),"")) | H53: =IF($B$3="","",IFERROR(AGGREGATE(15,6,(ROW(Personas!$H$2:$H$1001)-ROW(Personas!$H$2)+1)/(ISNUMBER(SEARCH($B$3,Personas!$H$2:$H$1001))),47),""))
A54: =IF($H54="","",IFERROR(INDEX(Personas!$A$2:$A$1001,$H54),"")) | B54: =IF($H54="","",IFERROR(INDEX(Personas!$B$2:$B$1001,$H54),"")) | C54: =IF($H54="","",IFERROR(INDEX(Personas!$C$2:$C$1001,$H54),"")) | D54: =IF($H54="","",IFERROR(INDEX(Personas!$D$2:$D$1001,$H54),"")) | E54: =IF($H54="","",IFERROR(INDEX(Personas!$E$2:$E$1001,$H54),"")) | F54: =IF($H54="","",IFERROR(INDEX(Personas!$F$2:$F$1001,$H54),"")) | G54: =IF($H54="","",IFERROR(INDEX(Personas!$G$2:$G$1001,$H54),"")) | H54: =IF($B$3="","",IFERROR(AGGREGATE(15,6,(ROW(Personas!$H$2:$H$1001)-ROW(Personas!$H$2)+1)/(ISNUMBER(SEARCH($B$3,Personas!$H$2:$H$1001))),48),""))
A55: =IF($H55="","",IFERROR(INDEX(Personas!$A$2:$A$1001,$H55),"")) | B55: =IF($H55="","",IFERROR(INDEX(Personas!$B$2:$B$1001,$H55),"")) | C55: =IF($H55="","",IFERROR(INDEX(Personas!$C$2:$C$1001,$H55),"")) | D55: =IF($H55="","",IFERROR(INDEX(Personas!$D$2:$D$1001,$H55),"")) | E55: =IF($H55="","",IFERROR(INDEX(Personas!$E$2:$E$1001,$H55),"")) | F55: =IF($H55="","",IFERROR(INDEX(Personas!$F$2:$F$1001,$H55),"")) | G55: =IF($H55="","",IFERROR(INDEX(Personas!$G$2:$G$1001,$H55),"")) | H55: =IF($B$3="","",IFERROR(AGGREGATE(15,6,(ROW(Personas!$H$2:$H$1001)-ROW(Personas!$H$2)+1)/(ISNUMBER(SEARCH($B$3,Personas!$H$2:$H$1001))),49),""))
A56: =IF($H56="","",IFERROR(INDEX(Personas!$A$2:$A$1001,$H56),"")) | B56: =IF($H56="","",IFERROR(INDEX(Personas!$B$2:$B$1001,$H56),"")) | C56: =IF($H56="","",IFERROR(INDEX(Personas!$C$2:$C$1001,$H56),"")) | D56: =IF($H56="","",IFERROR(INDEX(Personas!$D$2:$D$1001,$H56),"")) | E56: =IF($H56="","",IFERROR(INDEX(Personas!$E$2:$E$1001,$H56),"")) | F56: =IF($H56="","",IFERROR(INDEX(Personas!$F$2:$F$1001,$H56),"")) | G56: =IF($H56="","",IFERROR(INDEX(Personas!$G$2:$G$1001,$H56),"")) | H56: =IF($B$3="","",IFERROR(AGGREGATE(15,6,(ROW(Personas!$H$2:$H$1001)-ROW(Personas!$H$2)+1)/(ISNUMBER(SEARCH($B$3,Personas!$H$2:$H$1001))),50),""))
A57: =IF($H57="","",IFERROR(INDEX(Personas!$A$2:$A$1001,$H57),"")) | B57: =IF($H57="","",IFERROR(INDEX(Personas!$B$2:$B$1001,$H57),"")) | C57: =IF($H57="","",IFERROR(INDEX(Personas!$C$2:$C$1001,$H57),"")) | D57: =IF($H57="","",IFERROR(INDEX(Personas!$D$2:$D$1001,$H57),"")) | E57: =IF($H57="","",IFERROR(INDEX(Personas!$E$2:$E$1001,$H57),"")) | F57: =IF($H57="","",IFERROR(INDEX(Personas!$F$2:$F$1001,$H57),"")) | G57: =IF($H57="","",IFERROR(INDEX(Personas!$G$2:$G$1001,$H57),"")) | H57: =IF($B$3="","",IFERROR(AGGREGATE(15,6,(ROW(Personas!$H$2:$H$1001)-ROW(Personas!$H$2)+1)/(ISNUMBER(SEARCH($B$3,Personas!$H$2:$H$1001))),51),""))
A58: =IF($H58="","",IFERROR(INDEX(Personas!$A$2:$A$1001,$H58),"")) | B58: =IF($H58="","",IFERROR(INDEX(Personas!$B$2:$B$1001,$H58),"")) | C58: =IF($H58="","",IFERROR(INDEX(Personas!$C$2:$C$1001,$H58),"")) | D58: =IF($H58="","",IFERROR(INDEX(Personas!$D$2:$D$1001,$H58),"")) | E58: =IF($H58="","",IFERROR(INDEX(Personas!$E$2:$E$1001,$H58),"")) | F58: =IF($H58="","",IFERROR(INDEX(Personas!$F$2:$F$1001,$H58),"")) | G58: =IF($H58="","",IFERROR(INDEX(Personas!$G$2:$G$1001,$H58),"")) | H58: =IF($B$3="","",IFERROR(AGGREGATE(15,6,(ROW(Personas!$H$2:$H$1001)-ROW(Personas!$H$2)+1)/(ISNUMBER(SEARCH($B$3,Personas!$H$2:$H$1001))),52),""))
A59: =IF($H59="","",IFERROR(INDEX(Personas!$A$2:$A$1001,$H59),"")) | B59: =IF($H59="","",IFERROR(INDEX(Personas!$B$2:$B$1001,$H59),"")) | C59: =IF($H59="","",IFERROR(INDEX(Personas!$C$2:$C$1001,$H59),"")) | D59: =IF($H59="","",IFERROR(INDEX(Personas!$D$2:$D$1001,$H59),"")) | E59: =IF($H59="","",IFERROR(INDEX(Personas!$E$2:$E$1001,$H59),"")) | F59: =IF($H59="","",IFERROR(INDEX(Personas!$F$2:$F$1001,$H59),"")) | G59: =IF($H59="","",IFERROR(INDEX(Personas!$G$2:$G$1001,$H59),"")) | H59: =IF($B$3="","",IFERROR(AGGREGATE(15,6,(ROW(Personas!$H$2:$H$1001)-ROW(Personas!$H$2)+1)/(ISNUMBER(SEARCH($B$3,Personas!$H$2:$H$1001))),53),""))
A60: =IF($H60="","",IFERROR(INDEX(Personas!$A$2:$A$1001,$H60),"")) | B60: =IF($H60="","",IFERROR(INDEX(Personas!$B$2:$B$1001,$H60),"")) | C60: =IF($H60="","",IFERROR(INDEX(Personas!$C$2:$C$1001,$H60),"")) | D60: =IF($H60="","",IFERROR(INDEX(Personas!$D$2:$D$1001,$H60),"")) | E60: =IF($H60="","",IFERROR(INDEX(Personas!$E$2:$E$1001,$H60),"")) | F60: =IF($H60="","",IFERROR(INDEX(Personas!$F$2:$F$1001,$H60),"")) | G60: =IF($H60="","",IFERROR(INDEX(Personas!$G$2:$G$1001,$H60),"")) | H60: =IF($B$3="","",IFERROR(AGGREGATE(15,6,(ROW(Personas!$H$2:$H$1001)-ROW(Personas!$H$2)+1)/(ISNUMBER(SEARCH($B$3,Personas!$H$2:$H$1001))),54),""))
A61: =IF($H61="","",IFERROR(INDEX(Personas!$A$2:$A$1001,$H61),"")) | B61: =IF($H61="","",IFERROR(INDEX(Personas!$B$2:$B$1001,$H61),"")) | C61: =IF($H61="","",IFERROR(INDEX(Personas!$C$2:$C$1001,$H61),"")) | D61: =IF($H61="","",IFERROR(INDEX(Personas!$D$2:$D$1001,$H61),"")) | E61: =IF($H61="","",IFERROR(INDEX(Personas!$E$2:$E$1001,$H61),"")) | F61: =IF($H61="","",IFERROR(INDEX(Personas!$F$2:$F$1001,$H61),"")) | G61: =IF($H61="","",IFERROR(INDEX(Personas!$G$2:$G$1001,$H61),"")) | H61: =IF($B$3="","",IFERROR(AGGREGATE(15,6,(ROW(Personas!$H$2:$H$1001)-ROW(Personas!$H$2)+1)/(ISNUMBER(SEARCH($B$3,Personas!$H$2:$H$1001))),55),""))
A62: =IF($H62="","",IFERROR(INDEX(Personas!$A$2:$A$1001,$H62),"")) | B62: =IF($H62="","",IFERROR(INDEX(Personas!$B$2:$B$1001,$H62),"")) | C62: =IF($H62="","",IFERROR(INDEX(Personas!$C$2:$C$1001,$H62),"")) | D62: =IF($H62="","",IFERROR(INDEX(Personas!$D$2:$D$1001,$H62),"")) | E62: =IF($H62="","",IFERROR(INDEX(Personas!$E$2:$E$1001,$H62),"")) | F62: =IF($H62="","",IFERROR(INDEX(Personas!$F$2:$F$1001,$H62),"")) | G62: =IF($H62="","",IFERROR(INDEX(Personas!$G$2:$G$1001,$H62),"")) | H62: =IF($B$3="","",IFERROR(AGGREGATE(15,6,(ROW(Personas!$H$2:$H$1001)-ROW(Personas!$H$2)+1)/(ISNUMBER(SEARCH($B$3,Personas!$H$2:$H$1001))),56),""))
A63: =IF($H63="","",IFERROR(INDEX(Personas!$A$2:$A$1001,$H63),"")) | B63: =IF($H63="","",IFERROR(INDEX(Personas!$B$2:$B$1001,$H63),"")) | C63: =IF($H63="","",IFERROR(INDEX(Personas!$C$2:$C$1001,$H63),"")) | D63: =IF($H63="","",IFERROR(INDEX(Personas!$D$2:$D$1001,$H63),"")) | E63: =IF($H63="","",IFERROR(INDEX(Personas!$E$2:$E$1001,$H63),"")) | F63: =IF($H63="","",IFERROR(INDEX(Personas!$F$2:$F$1001,$H63),"")) | G63: =IF($H63="","",IFERROR(INDEX(Personas!$G$2:$G$1001,$H63),"")) | H63: =IF($B$3="","",IFERROR(AGGREGATE(15,6,(ROW(Personas!$H$2:$H$1001)-ROW(Personas!$H$2)+1)/(ISNUMBER(SEARCH($B$3,Personas!$H$2:$H$1001))),57),""))
A64: =IF($H64="","",IFERROR(INDEX(Personas!$A$2:$A$1001,$H64),"")) | B64: =IF($H64="","",IFERROR(INDEX(Personas!$B$2:$B$1001,$H64),"")) | C64: =IF($H64="","",IFERROR(INDEX(Personas!$C$2:$C$1001,$H64),"")) | D64: =IF($H64="","",IFERROR(INDEX(Personas!$D$2:$D$1001,$H64),"")) | E64: =IF($H64="","",IFERROR(INDEX(Personas!$E$2:$E$1001,$H64),"")) | F64: =IF($H64="","",IFERROR(INDEX(Personas!$F$2:$F$1001,$H64),"")) | G64: =IF($H64="","",IFERROR(INDEX(Personas!$G$2:$G$1001,$H64),"")) | H64: =IF($B$3="","",IFERROR(AGGREGATE(15,6,(ROW(Personas!$H$2:$H$1001)-ROW(Personas!$H$2)+1)/(ISNUMBER(SEARCH($B$3,Personas!$H$2:$H$1001))),58),""))
A65: =IF($H65="","",IFERROR(INDEX(Personas!$A$2:$A$1001,$H65),"")) | B65: =IF($H65="","",IFERROR(INDEX(Personas!$B$2:$B$1001,$H65),"")) | C65: =IF($H65="","",IFERROR(INDEX(Personas!$C$2:$C$1001,$H65),"")) | D65: =IF($H65="","",IFERROR(INDEX(Personas!$D$2:$D$1001,$H65),"")) | E65: =IF($H65="","",IFERROR(INDEX(Personas!$E$2:$E$1001,$H65),"")) | F65: =IF($H65="","",IFERROR(INDEX(Personas!$F$2:$F$1001,$H65),"")) | G65: =IF($H65="","",IFERROR(INDEX(Personas!$G$2:$G$1001,$H65),"")) | H65: =IF($B$3="","",IFERROR(AGGREGATE(15,6,(ROW(Personas!$H$2:$H$1001)-ROW(Personas!$H$2)+1)/(ISNUMBER(SEARCH($B$3,Personas!$H$2:$H$1001))),59),""))
A66: =IF($H66="","",IFERROR(INDEX(Personas!$A$2:$A$1001,$H66),"")) | B66: =IF($H66="","",IFERROR(INDEX(Personas!$B$2:$B$1001,$H66),"")) | C66: =IF($H66="","",IFERROR(INDEX(Personas!$C$2:$C$1001,$H66),"")) | D66: =IF($H66="","",IFERROR(INDEX(Personas!$D$2:$D$1001,$H66),"")) | E66: =IF($H66="","",IFERROR(INDEX(Personas!$E$2:$E$1001,$H66),"")) | F66: =IF($H66="","",IFERROR(INDEX(Personas!$F$2:$F$1001,$H66),"")) | G66: =IF($H66="","",IFERROR(INDEX(Personas!$G$2:$G$1001,$H66),"")) | H66: =IF($B$3="","",IFERROR(AGGREGATE(15,6,(ROW(Personas!$H$2:$H$1001)-ROW(Personas!$H$2)+1)/(ISNUMBER(SEARCH($B$3,Personas!$H$2:$H$1001))),60),""))

Sheet Personas
A1: Nombre completo | B1: Lista / promotor | C1: Tipo de lista | D1: Estado | E1: Hora de ingreso | F1: Fecha de nacimiento | G1: Detalle | H1: Búsqueda
A2: Ana Gómez | B2: CINTIA DÍAZ | C2: Promotor | D2: Pendiente | G2: Lista de promotor | H2: Ana Gómez CINTIA DÍAZ Promotor
A3: Juan Pérez | B3: CUMPLEAÑOS - SOFÍA MARTÍNEZ | C3: Cumpleaños | D3: Pendiente | G3: Invitado/a de cumpleaños | H3: Juan Pérez CUMPLEAÑOS - SOFÍA MARTÍNEZ Cumpleaños
A4: Sofía Martínez | B4: CUMPLEAÑOS - SOFÍA MARTÍNEZ | C4: Cumpleaños | D4: Ingresó | E4: 01:15 | F4: 2000-08-01 | G4: Cumpleañero/a | H4: Sofía Martínez CUMPLEAÑOS - SOFÍA MARTÍNEZ Cumpleaños
A5: Luis Promo | B5: PROMOS | C5: PROMOS | D5: Pendiente | G5: Lista automática PROMOS | H5: Luis Promo PROMOS PROMOS
A6: María Común | B6: LISTA COMÚN | C6: Lista común | D6: Pendiente | G6: Lista común | H6: María Común LISTA COMÚN Lista común
